"","OBJECTID_1","OBJECTID","ZIP","POSTAL","STATE","EDITOR","DATE_MOD","code","ZIP_TYPE","Shape_STArea_1","Shape_STLength_1","TotalConfirmedCases","ActiveCases","Recovered","Death","Shape_STArea__","Shape_STLength__","Shape__Area","Shape__Length"
"1",1,203,"77493","KATY","TX","Ayuna Tsydypova",1306454400000,"WL","STANDARD",1231300072.07031,193720.08096607,93,48,45,0,0.0106830769641419,0.55658215310647,0.010683076934356,0.556582153069578
"2",2,143,"77386","SPRING","TX","Ayuna Tsydypova",1307404800000,"MO","STANDARD",5616758.00390625,75125.04957046,3,3,0,0,4.88223715819913e-05,0.223696011814312,4.88223747652228e-05,0.223696017462756
"3",3,256,"77484","WALLER","TX","Ayuna Tsydypova",1306454400000,"WL","STANDARD",909021807.609375,184820.05433213,4,2,2,0,0.00790317966652765,0.534395243424277,0.0079031796660729,0.534395247443562
"4",4,146,"77354","MAGNOLIA","TX","Ayuna Tsydypova",1307318400000,"MO","STANDARD",1765435.2421875,42276.27819865,0,0,0,0,1.53575622334756e-05,0.124830454789521,1.53575615513546e-05,0.12483045306915
"5",5,179,"77584","PEARLAND","TX","Ayuna",1310342400000,"BZ","STANDARD",771601.1640625,28652.16055354,1,1,0,0,6.67703238832473e-06,0.0882664186153281,6.67702852297225e-06,0.0882664151430719
"6",6,129,"77357","NEW CANEY","TX","Brian Klinger",1.306368e+12,"MO","STANDARD",81717172.0703125,75848.86305407,0,0,0,0,0.000710824763473283,0.221304176791747,0.000710824751649852,0.221304180080433
"7",7,137,"77520","BAYTOWN","TX","Brian Klinger",1310083200000,"HA","STANDARD",874631660.644531,187799.28895031,53,15,35,3,0.00757955852918712,0.556313016195545,0.00757955854714965,0.556313024891236
"8",8,109,"77503","PASADENA","TX","Ayuna Tsydypova",1308614400000,"HA","STANDARD",250892117.515625,104224.05481023,23,11,12,0,0.00217337929893802,0.301924215066665,0.00217337928938832,0.301924210659162
"9",9,201,"77447","HOCKLEY","TX","Ayuna Tsydypova",1306454400000,"WL","STANDARD",1827866242.70313,279710.06947858,10,4,6,0,0.0158812444637988,0.82491054047912,0.0158812444803971,0.824910542131119
"10",10,135,"77535","DAYTON","TX","Brian Klinger",1.306368e+12,"LB","STANDARD",64941470.4179688,133638.09867534,2,2,0,0,0.000564123317190024,0.383241084957073,0.000564123303774977,0.38324107648583
"11",11,83,"77336","HUFFMAN","TX","Brian Klinger",1309996800000,"HA","STANDARD",1290385652.63672,170522.20695816,2,1,1,0,0.0112172307442506,0.498174920809285,0.0112172307465244,0.498174924123753
"12",12,98,"77562","HIGHLANDS","TX","Brian Klinger",1310083200000,"HA","STANDARD",414080841.289063,132612.23578444,6,0,5,1,0.00359125758222945,0.400838657004882,0.00359125758541268,0.40083864936043
"13",13,148,"77355","MAGNOLIA","TX","Ayuna Tsydypova",1307318400000,"MO","STANDARD",5076939.76953125,29556.1231055,0,0,0,0,4.41456602402468e-05,0.0903839252276269,4.41456616044889e-05,0.0903839290666624
"14",14,218,"77007","HOUSTON","TX","Brian Klinger",1307577600000,"HA","STANDARD",218859135.300781,88174.36910312,68,47,20,1,0.00189715627607256,0.264629526258339,0.00189715628062004,0.264629528701298
"15",15,122,"77536","DEER PARK","TX","Ayuna Tsydypova",1.308528e+12,"HA","STANDARD",409465055.445313,108101.4024067,45,17,27,1,0.00354711701811539,0.315546475310134,0.00354711701879751,0.315546462709248
"16",16,102,"77506","PASADENA","TX","Ayuna Tsydypova",1.308528e+12,"HA","STANDARD",289388180,80606.09600896,52,23,28,1,0.00250718807387784,0.236067289660002,0.00250718808001693,0.236067285392574
"17",17,225,"77006","HOUSTON","TX","Brian Klinger",1307491200000,"HA","STANDARD",63140814.5546875,43137.26644299,72,37,35,0,0.000547171989182971,0.127230532224336,0.000547171993048323,0.127230534776786
"18",18,216,"77009","HOUSTON","TX","Brian Klinger",1310342400000,"HA","STANDARD",170643195.828125,57989.94727705,62,46,15,1,0.00147953822533964,0.170450304736963,0.00147953823125135,0.170450301941473
"19",19,221,"77011","HOUSTON","TX","Brian Klinger",1307923200000,"HA","STANDARD",101673715.953125,58327.1380813,64,48,13,3,0.000881111356420661,0.173114256828205,0.000881111362105003,0.173114255333477
"20",20,220,"77023","HOUSTON","TX","Brian Klinger",1.308096e+12,"HA","STANDARD",157989416.929688,69873.95537112,80,66,11,3,0.00136886671725733,0.205961899237701,0.00136886671452885,0.205961898487079
"21",21,87,"77028","HOUSTON","TX","Brian Klinger",1308268800000,"HA","STANDARD",258029995.160156,78046.01434386,69,49,19,1,0.00223783641104092,0.232258012350909,0.00223783640899455,0.232258010461333
"22",22,69,"77547","GALENA PARK","TX","Brian Klinger",1308182400000,"HA","STANDARD",96453451.8007813,41378.63524198,11,7,4,0,0.00083580289378915,0.123493022134007,0.000835802889923798,0.123493021206372
"23",23,61,"77020","HOUSTON","TX","Brian Klinger",1308009600000,"HA","STANDARD",199665348.707031,73186.94213415,69,51,18,0,0.00173081142452247,0.21701886799366,0.00173081142884257,0.217018868952318
"24",24,223,"77004","HOUSTON","TX","Wenge Fu",1318377600000,"HA","STANDARD",165162841.699219,67522.58203688,83,56,23,4,0.00143105842903424,0.199602341813096,0.00143105842221303,0.199602341739911
"25",25,79,"77032","HOUSTON","TX","Brian Klinger",1310083200000,"HA","STANDARD",585099931.460938,121918.96629721,53,41,11,1,0.00508101135642391,0.357123661439974,0.00508101135415018,0.357123666772527
"26",26,92,"77396","HUMBLE","TX","Brian Klinger",1308268800000,"HA","STANDARD",687366647.292969,140007.42232935,125,44,80,1,0.00596835641636062,0.414175391433038,0.00596835643068516,0.414175399934529
"27",27,104,"77587","SOUTH HOUSTON","TX","Ahmed Giwa",1311033600000,"HA","STANDARD",82898890.75,42538.16860932,13,3,9,1,0.000717845584176757,0.128305588478165,0.000717845580993526,0.128305587229146
"28",28,68,"77029","HOUSTON","TX","Brian Klinger",1308182400000,"HA","STANDARD",358732176.574219,115301.07917475,47,30,15,2,0.00310933102105082,0.338175957751355,0.00310933102855415,0.338175961839617
"29",29,103,"77502","PASADENA","TX","Ayuna Tsydypova",1308614400000,"HA","STANDARD",155957960.59375,74590.86965598,60,24,34,2,0.00135072653074531,0.223173986014125,0.00135072652665258,0.223173991817828
"30",30,105,"77504","PASADENA","TX","Ayuna Tsydypova",1.308528e+12,"HA","STANDARD",145230803.859375,65064.8703561,41,21,19,1,0.00125744891829527,0.192060959781212,0.00125744892011426,0.192060961381036
"31",31,178,"77047","HOUSTON","TX","Ray A Smith Jr",1.308528e+12,"HA","STANDARD",401121563.148438,109736.73820632,97,60,34,3,0.00347168488451644,0.325757194803175,0.00347168487519411,0.325757192417481
"32",32,96,"77048","HOUSTON","TX","Ray A Smith Jr",1.308528e+12,"HA","STANDARD",299864156.765625,91775.5969315,65,49,12,4,0.00259561489906446,0.26874414153924,0.00259561489883708,0.268744139833764
"33",33,229,"77003","HOUSTON","TX","Wenge Fu",1317945600000,"HA","STANDARD",74190920.8320313,57485.33154595,20,13,7,0,0.000642983223315241,0.170022366515748,0.000642983220586757,0.170022369964719
"34",34,224,"77002","HOUSTON","TX","Wenge Fu",1317859200000,"HA","STANDARD",59607525.4804688,73345.98356311,145,130,15,0,0.000516631572509141,0.215989808461242,0.000516631568416415,0.215989817038429
"35",35,88,"77078","HOUSTON","TX","Brian Klinger",1308268800000,"HA","STANDARD",271887444.375,90292.0100635,38,28,9,1,0.00235858969472247,0.265509011177334,0.00235858969995206,0.265509004302658
"36",36,125,"77044","HOUSTON","TX","Brian Klinger",1308268800000,"HA","STANDARD",1247119688.96094,193979.41136794,119,49,68,2,0.0108235336965663,0.572522285737465,0.0108235336740563,0.572522288571462
"37",37,266,"77046","HOUSTON","TX","Ahmed Giwa",1310947200000,"HA","STANDARD",2516016.28515625,8477.76454691,3,3,0,0,2.18016457438353e-05,0.0257395391927145,2.18016461985826e-05,0.0257395392652412
"38",38,89,"77530","CHANNELVIEW","TX","Brian Klinger",1308268800000,"HA","STANDARD",476759968.667969,119905.15435558,47,19,28,0,0.0041334228380947,0.358170748316876,0.00413342281922269,0.358170747659348
"39",39,90,"77015","HOUSTON","TX","Brian Klinger",1308182400000,"HA","STANDARD",616083534.113281,152705.20475564,106,44,61,1,0.00534013868764305,0.456948106732461,0.00534013870583294,0.456948108893605
"40",40,93,"77532","CROSBY","TX","Brian Klinger",1310083200000,"HA","STANDARD",2426376902.375,229144.8117046,30,9,21,0,0.021063867445946,0.676530117400667,0.0210638674516304,0.676530119440929
"41",41,91,"77049","HOUSTON","TX","Brian Klinger",1308268800000,"HA","STANDARD",754431977.949219,183126.64055023,54,22,30,2,0.00654371860559877,0.551093177008697,0.00654371862447078,0.551093180054941
"42",42,86,"77013","HOUSTON","TX","Brian Klinger",1308268800000,"HA","STANDARD",257183697.601563,94063.83284692,37,27,9,1,0.00222986933158609,0.27954344135075,0.00222986933226821,0.279543447582177
"43",43,197,"77051","HOUSTON","TX","Ray A Smith Jr",1.308528e+12,"HA","STANDARD",161794259.554688,70361.88572283,64,42,20,2,0.00140100096700735,0.207445264758975,0.00140100097269169,0.207445265824949
"44",44,195,"77025","HOUSTON","TX","Brian Klinger",1308614400000,"HA","STANDARD",125055622.136719,64337.06116733,58,41,17,0,0.00108315791385394,0.186902499199881,0.00108315790521374,0.186902489846491
"45",45,213,"77030","HOUSTON","TX","Brian Klinger",1.308096e+12,"HA","STANDARD",73180121.3945313,49488.8817233,70,54,11,5,0.000633960010873125,0.145606262364996,0.000633960017012214,0.145606260825098
"46",46,196,"77054","HOUSTON","TX","Brian Klinger",1.308096e+12,"HA","STANDARD",151404529.070313,67442.01900548,60,42,18,0,0.0013112970596012,0.201897574473667,0.00131129705641797,0.201897574899078
"47",47,111,"77507","PASADENA","TX","Ayuna Tsydypova",1.308528e+12,"HA","STANDARD",401205501.191406,111086.41589631,0,0,0,0,0.00347301010515366,0.330479781864825,0.00347301010674528,0.330479787865771
"48",48,261,"77586","SEABROOK","TX","Ayuna Tsydypova",1.308528e+12,"HA","STANDARD",365820575.722656,113985.59501772,22,7,15,0,0.00316540432027068,0.338940532710815,0.00316540430731038,0.338940534994133
"49",49,121,"77058","HOUSTON","TX","Ayuna Tsydypova",1308614400000,"HA","STANDARD",318277972.78125,104862.38957756,17,6,11,0,0.00275358963335748,0.310143434434413,0.00275358963676808,0.31014344134134
"50",50,113,"77062","HOUSTON","TX","Ayuna Tsydypova",1.308528e+12,"HA","STANDARD",158686253.3125,59595.10254624,29,20,9,0,0.00137313413620177,0.177254380756448,0.00137313416121287,0.177254385100396
"51",51,106,"77598","WEBSTER","TX","Ayuna Tsydypova",1308614400000,"HA","STANDARD",358825597.660156,127723.22873873,31,20,10,1,0.00310343439173266,0.378050892640945,0.00310343436581206,0.378050896224398
"52",52,63,"77063","HOUSTON","TX","Brian Klinger",1310428800000,"HA","STANDARD",121325278.238281,76129.60356557,92,68,20,4,0.00105133318106709,0.224629421087381,0.00105133317788386,0.224629420872249
"53",53,50,"77069","HOUSTON","TX","Ayuna Tsydypova",1308009600000,"HA","STANDARD",132315615.921875,63861.54800664,24,15,9,0,0.0011493131764837,0.188987359399475,0.00114931318012168,0.188987354303446
"54",54,33,"77377","TOMBALL","TX","Brian Klinger",1309996800000,"HA","STANDARD",1005207639.57031,244060.61510458,54,10,43,1,0.00873757458930413,0.717814187542739,0.00873757456724888,0.717814190821286
"55",55,49,"77070","HOUSTON","TX","Brian Klinger",1310083200000,"HA","STANDARD",377552544.527344,130287.2588218,73,30,42,1,0.00327920252516378,0.381646008297669,0.00327920252038894,0.381646011219492
"56",56,34,"77375","TOMBALL","TX","Ayuna Tsydypova",1307318400000,"HA","STANDARD",972623284.65625,200897.1361441,72,26,45,1,0.00845695582893313,0.589926840142279,0.00845695584052919,0.589926837229579
"57",57,38,"77379","SPRING","TX","Brian Klinger",1309996800000,"HA","STANDARD",723834857.894531,130330.87555304,85,22,62,1,0.00629045608138767,0.383239686816657,0.0062904560811603,0.383239684172314
"58",58,144,"77338","HUMBLE","TX","Brian Klinger",1308268800000,"HA","STANDARD",763670086.859375,195022.58545889,144,76,59,9,0.0066346917062674,0.58390628830158,0.00663469170422104,0.583906293417266
"59",59,117,"77036","HOUSTON","TX","Ray A Smith Jr",1.308096e+12,"HA","STANDARD",207627718.699219,77099.46568679,273,240,27,6,0.00179859011586814,0.228190176873541,0.00179859010881955,0.228190179554933
"60",60,62,"77057","HOUSTON","TX","Brian Klinger",1310428800000,"HA","STANDARD",119171940.511719,61010.95879239,155,122,28,5,0.00103277013886327,0.176811705577152,0.00103277013477054,0.176811706093771
"61",61,74,"77076","HOUSTON","TX","Ayuna Tsydypova",1308268800000,"HA","STANDARD",137758979.324219,65496.71762965,75,56,18,1,0.00119515930259695,0.194879336626416,0.00119515929759473,0.194879335694633
"62",62,75,"77037","HOUSTON","TX","Ayuna Tsydypova",1308268800000,"HA","STANDARD",186192852.511719,92599.51331181,33,17,16,0,0.00161586279205039,0.271492830349028,0.00161586280773918,0.271492836815509
"63",63,183,"77024","HOUSTON","TX","Brian Klinger",1310342400000,"HA","STANDARD",357875189.644531,138457.91650069,69,33,34,2,0.00310218703111786,0.414736935382991,0.00310218700496989,0.414736939790289
"64",64,166,"77056","HOUSTON","TX","Brian Klinger",1308009600000,"HA","STANDARD",95037463.40625,52465.00838389,36,18,18,0,0.000823644474849061,0.151263158019359,0.000823644483716635,0.151263160238812
"65",65,167,"77081","HOUSTON","TX","Brian Klinger",1.308096e+12,"HA","STANDARD",86224485.9960938,64947.55522239,129,110,16,3,0.000747002443176825,0.191484795766855,0.000747002456591872,0.191484800982594
"66",66,214,"77005","HOUSTON","TX","Brian Klinger",1307491200000,"HA","STANDARD",107804443.019531,56410.83933646,33,15,18,0,0.000934019269152486,0.169192988723991,0.000934019268697739,0.169192978480031
"67",67,58,"77042","HOUSTON","TX","Ray A Smith Jr",1.308096e+12,"HA","STANDARD",175466973.4375,74626.05779819,79,56,22,1,0.00152058329945248,0.220469598798679,0.00152058329808824,0.220469594912696
"68",68,150,"77494","KATY","TX","Ray A Smith Jr",1307404800000,"FB","STANDARD",75302194.4257813,47201.16495877,24,16,8,0,0.000652781952567238,0.142242819758291,0.000652781951202996,0.142242820312808
"69",69,66,"77099","HOUSTON","TX","Brian Klinger",1310428800000,"HA","STANDARD",159398616.097656,60923.91805568,171,129,40,2,0.00138041358172813,0.18121213739738,0.00138041358263763,0.181212139592987
"70",70,27,"77498","SUGAR LAND","TX","Ray A Smith Jr",1307404800000,"FB","STANDARD",990320.84375,7690.22358305,0,0,0,0,8.57633881423681e-06,0.0233522286117341,8.57633972373151e-06,0.0233522302509835
"71",71,65,"77072","HOUSTON","TX","Ray A Smith Jr",1308009600000,"HA","STANDARD",206064165.71875,64305.44488866,153,118,33,2,0.0017850305544016,0.192662898178872,0.00178503055326473,0.192662902673292
"72",72,32,"77407","RICHMOND","TX","Ray A Smith Jr",1307404800000,"FB","STANDARD",55804.0390625,1188.43566876,1,1,0,0,4.83437588627567e-07,0.00358793496412162,4.83436679132865e-07,0.00358793391698207
"73",73,67,"77083","HOUSTON","TX","Ray A Smith Jr",1308182400000,"HA","STANDARD",165642081.316406,68651.77890096,106,59,39,8,0.00143483071178707,0.205543288795767,0.00143483072088202,0.205543291418507
"74",74,118,"77045","HOUSTON","TX","Ray A Smith Jr",1.308528e+12,"HA","STANDARD",351789683.882813,94195.72814379,136,99,30,7,0.00304558273228395,0.279269453233797,0.00304558274092415,0.279269451048564
"75",75,126,"77053","HOUSTON","TX","Ray A Smith Jr",1307404800000,"FB","STANDARD",109862130.503906,53785.68645979,75,50,23,2,0.000950798559188115,0.160915643995619,0.000950798565099831,0.160915646066707
"76",76,2,"77477","STAFFORD","TX","Ray A Smith Jr",1308614400000,"HA","STANDARD",16102801.0820313,40418.10729737,8,5,2,1,0.000139422592610572,0.122058559138281,0.00013942259374744,0.122058553794733
"77",77,59,"77031","HOUSTON","TX","Brian Klinger",1310428800000,"HA","STANDARD",90061105.9414063,46577.15742147,64,51,10,3,0.000779816695057889,0.139062968039895,0.000779816688464052,0.139062963794086
"78",78,169,"77085","HOUSTON","TX","Ray A Smith jr",1308268800000,"HA","STANDARD",135745479.578125,65264.24638227,64,48,16,0,0.00117504884087793,0.193020726445589,0.00117504884087793,0.193020723730968
"79",79,24,"77489","MISSOURI CITY","TX","Ray A Smith Jr",1307404800000,"FB","STANDARD",11425863.2460938,35727.48196977,27,16,11,0,9.89137017768371e-05,0.108152966319221,9.89137001852214e-05,0.10815296487684
"80",80,55,"77064","HOUSTON","TX","Ayuna Tsydypova",1.308096e+12,"HA","STANDARD",399532737.5,108619.23916857,92,34,55,3,0.0034682784864799,0.321071482522532,0.00346827849102738,0.321071479025933
"81",81,54,"77066","HOUSTON","TX","Ayuna Tsydypova",1.308096e+12,"HA","STANDARD",243943693.605469,80764.72012991,63,29,33,1,0.00211833923845006,0.241902675493916,0.00211833924186067,0.241902677599651
"82",82,692,"77086","HOUSTON","TX","Ayuna Tsydypova",1307923200000,"HA","STANDARD",201664835.5625,75513.11650749,50,21,29,0,0.00175057211913554,0.223938022060982,0.00175057211322383,0.223938020228552
"83",83,219,"77021","HOUSTON","TX","Brian Klinger",1.308096e+12,"HA","STANDARD",163737471.039063,64854.8276429,103,71,30,2,0.00141834083660797,0.192574919783178,0.00141834084115544,0.192574920077913
"84",84,119,"77033","HOUSTON","TX","Ray A Smith Jr",1.308528e+12,"HA","STANDARD",168393979.894531,64211.6118082,111,87,22,2,0.00145826124844461,0.189368564196556,0.00145826124844461,0.18936856822702
"85",85,222,"77012","HOUSTON","TX","Brian Klinger",1307923200000,"HA","STANDARD",114589659.324219,59775.65520557,45,37,7,1,0.000992812945014521,0.176830351615352,0.000992812953199973,0.176830347903035
"86",86,114,"77017","HOUSTON","TX","Ray A Smith Jr",1308614400000,"HA","STANDARD",273517915.625,97049.47304069,58,44,14,0,0.00236915312075325,0.285727197121852,0.00236915311120356,0.285727191499823
"87",87,158,"77087","HOUSTON","TX","Ray A Smith Jr",1308614400000,"HA","STANDARD",183622516.292969,74428.50387532,135,96,37,2,0.0015904180418147,0.218378522501165,0.00159041804090521,0.218378520435614
"88",88,123,"77061","HOUSTON","TX","Ray A Smith Jr",1308614400000,"HA","STANDARD",215975936.671875,85149.65860326,42,31,10,1,0.00187007118643123,0.25071305508136,0.00187007119734517,0.250713054154285
"89",89,57,"77038","HOUSTON","TX","Ayuna Tsydypova",1308182400000,"HA","STANDARD",260810412.394531,87190.4130201,47,23,21,3,0.0022639607320798,0.259515149022206,0.00226396072525858,0.259515150794676
"90",90,124,"77075","HOUSTON","TX","Brian klinger",1310428800000,"HA","STANDARD",327463130.890625,101548.10658237,89,68,21,0,0.00283449305015893,0.301302243655621,0.00283449304129135,0.301302249324829
"91",91,180,"77581","PEARLAND","TX","Ayuna",1310342400000,"BZ","STANDARD",43666499.703125,93017.15141136,3,2,1,0,0.000377774430489808,0.276227198011843,0.000377774422986477,0.276227200588862
"92",92,107,"77034","HOUSTON","TX","Brian Klinger",1310428800000,"HA","STANDARD",374750274.527344,125213.23475561,65,56,9,0,0.00324382005260304,0.372658895365408,0.00324382005715051,0.372658896734463
"93",93,115,"77089","HOUSTON","TX","Ayuna Tsydypova",1308614400000,"HA","STANDARD",354255812.402344,124063.58260219,77,44,33,0,0.0030653658789106,0.366978944902998,0.00306536587709161,0.366978938455571
"94",94,51,"77068","HOUSTON","TX","Ayuna Tsydypova",1308009600000,"HA","STANDARD",107898153.363281,66725.5610173,23,9,14,0,0.000937393741423875,0.198067480823242,0.000937393738922765,0.198067485911811
"95",95,53,"77014","HOUSTON","TX","Ayuna Tsydypova",1.307664e+12,"HA","STANDARD",184144439.511719,78489.71807752,81,19,58,4,0.00159941880724546,0.234981849170789,0.00159941880565384,0.234981855512112
"96",96,35,"77388","SPRING","TX","Ayuna Tsydypova",1307923200000,"HA","STANDARD",369552545.816406,115425.44967559,44,13,31,0,0.00321217596979295,0.340088014150509,0.00321217597479517,0.340088021606801
"97",97,101,"77373","SPRING","TX","Ayuna Tsydypova",1.308528e+12,"HA","STANDARD",666330004.953125,143120.48562703,123,44,74,5,0.00579192262716788,0.421715377867904,0.00579192262284778,0.421715377867046
"98",98,77,"77067","HOUSTON","TX","Ayuna Tsydypova",1.308096e+12,"HA","STANDARD",168494954.496094,67683.56477573,73,29,42,2,0.00146311040134606,0.203333459746575,0.00146311040657565,0.203333460432926
"99",99,52,"77090","HOUSTON","TX","Ayuna Tsydypova",1307491200000,"HA","STANDARD",253219605.585938,101928.4967188,101,29,68,4,0.00219993542714292,0.300003324803113,0.00219993541873009,0.30000332399594
"100",100,76,"77060","HOUSTON","TX","Ayuna Tsydypova",1308268800000,"HA","STANDARD",224659140.859375,82663.6711288,72,50,21,1,0.00195047456963948,0.241021845928779,0.00195047457395958,0.241021851820195
"101",101,78,"77073","HOUSTON","TX","Ayuna Tsydypova",1308268800000,"HA","STANDARD",454672304.667969,133200.51153202,139,62,76,1,0.00394974107962298,0.39299910070749,0.00394974108758106,0.392999099415342
"102",102,185,"77018","HOUSTON","TX","Ayuna Tsydypova",1307923200000,"HA","STANDARD",188945968.25,78507.2486304,45,31,13,1,0.00163872483790328,0.235217750990278,0.00163872483881278,0.235217753137604
"103",103,84,"77088","HOUSTON","TX","Ayuna Tsydypova",1307923200000,"HA","STANDARD",298117356.910156,107084.10040217,132,78,52,2,0.00258689901215803,0.320267593372074,0.00258689901397702,0.320267607551567
"104",104,73,"77022","HOUSTON","TX","Ayuna Tsydypova",1307750400000,"HA","STANDARD",164630798.71875,62660.36568322,48,36,11,1,0.00142788470088817,0.186960841503796,0.00142788469793231,0.186960840798813
"105",105,85,"77091","HOUSTON","TX","Brian Klinger",1310342400000,"HA","STANDARD",206027278.203125,107765.29420003,84,60,20,4,0.00178732961967398,0.321958785281906,0.00178732961967398,0.321958799066094
"106",106,184,"77008","HOUSTON","TX","Brian Klinger",1.307664e+12,"HA","STANDARD",180078769.515625,58913.57804068,65,45,19,1,0.00156139941532274,0.177602857103489,0.001561399413049,0.177602858812193
"107",107,71,"77055","HOUSTON","TX","Ayuna Tsydypova",1308182400000,"HA","STANDARD",225995987.566406,99909.19766079,128,108,20,0,0.00195951434420749,0.299875182737107,0.00195951436171526,0.299875193604053
"108",108,72,"77092","HOUSTON","TX","Ayuna Tsydypova",1308182400000,"HA","STANDARD",223322449.484375,91858.4513017,62,51,11,0,0.00193693912706294,0.271995646195479,0.00193693912069648,0.271995648755917
"109",109,80,"77039","HOUSTON","TX","Ayuna Tsydypova",1308268800000,"HA","STANDARD",276953597.410156,82073.41441648,50,21,27,2,0.00240388722204443,0.244800083977842,0.00240388720840201,0.244800087498212
"110",110,82,"77050","HOUSTON","TX","Brian Klinger",1308268800000,"HA","STANDARD",210765840.875,78147.65214362,13,5,8,0,0.00182926892671276,0.232701833368326,0.00182926892011892,0.232701831353146
"111",111,81,"77016","HOUSTON","TX","Brian Klinger",1308268800000,"HA","STANDARD",283216530.511719,87771.35238,86,58,23,5,0.00245714521497575,0.256870094888024,0.00245714521474838,0.25687009266005
"112",112,45,"77026","HOUSTON","TX","Brian Klinger",1308009600000,"HA","STANDARD",182041958.042969,59305.93983111,83,69,12,2,0.00157844298269083,0.17605496455338,0.00157844297359588,0.176054965333126
"113",113,120,"77093","HOUSTON","TX","Brian Klinger",1310083200000,"HA","STANDARD",333729996.378906,85020.43032386,92,57,35,0,0.00289541667279991,0.245679794386285,0.00289541667416415,0.245679794420058
"114",114,149,"77450","KATY","TX","Ahmed Giwa",1311033600000,"HA","STANDARD",256874425.96875,95630.00605689,53,16,36,1,0.00222653870105205,0.286411493294391,0.00222653871401235,0.286411495239018
"115",115,100,"77449","KATY","TX","Ayuna Tsydypova",1307491200000,"HA","STANDARD",757336114.128906,146428.98455959,277,109,164,4,0.00656889189167487,0.428807656163739,0.0065688918991782,0.428807654637091
"116",116,116,"77079","HOUSTON","TX","Ray A Smith Jr",1308614400000,"HA","STANDARD",214793411.28125,83297.88107202,39,34,4,1,0.00186199892459626,0.251565189860326,0.00186199891686556,0.251565188788884
"117",117,42,"77094","HOUSTON","TX","Ray A Smith Jr",1308614400000,"HA","STANDARD",461744454.632813,107335.73238769,12,6,6,0,0.00400208241217115,0.319540212250225,0.00400208240921529,0.319540211380737
"118",118,46,"77077","HOUSTON","TX","Ray A Smith Jr",1308009600000,"HA","STANDARD",248179968.039063,80837.97068885,77,54,19,4,0.00215087826518356,0.241407346933011,0.00215087825381488,0.241407346071064
"119",119,47,"77082","HOUSTON","TX","Brian Klinger",1310342400000,"HA","STANDARD",330655108.027344,106357.86327738,122,80,42,0,0.00286492764917057,0.3247966420769,0.00286492764826107,0.324796641696562
"120",120,48,"77040","HOUSTON","TX","Ayuna Tsydypova",1307577600000,"HA","STANDARD",388603934.734375,115196.56943126,81,49,30,2,0.00337194247617845,0.345423095110681,0.00337194246912986,0.345423092446506
"121",121,39,"77065","HOUSTON","TX","Ayuna Tsydypova",1.308096e+12,"HA","STANDARD",237548927.839844,100623.35835014,41,10,31,0,0.00206218861353591,0.296983839895112,0.00206218862217611,0.296983838161373
"122",122,44,"77080","HOUSTON","TX","Ayuna Tsydypova",1307923200000,"HA","STANDARD",182333454.378906,74015.80578733,164,132,32,0,0.00158121451818261,0.217252678666163,0.00158121451636362,0.21725268666235
"123",123,70,"77043","HOUSTON","TX","Brian Klinger",1310342400000,"HA","STANDARD",318499868.703125,94271.19363302,67,55,11,1,0.00276178832405094,0.278702195152598,0.00276178832291407,0.278702193669226
"124",124,41,"77084","HOUSTON","TX","Brian Klinger",1310342400000,"HA","STANDARD",884658542.820313,157184.42914589,258,117,138,3,0.00767269536527238,0.465644008986969,0.00767269538346227,0.465644002458381
"125",125,43,"77041","HOUSTON","TX","Wenge Fu",1329350400000,"HA","STANDARD",600150913.554688,139709.11940215,66,36,29,1,0.00520654899560213,0.41513178980777,0.00520654899742112,0.415131792280605
"126",126,40,"77095","HOUSTON","TX","Ayuna Tsydypova",1308182400000,"HA","STANDARD",409999044.09375,113872.68958815,77,27,49,1,0.0035586224328199,0.336494031236642,0.00355862242986404,0.336494025134759
"127",127,152,"77433","CYPRESS","TX","Ayuna Tsydypova",1307491200000,"HA","STANDARD",1735081534.99609,282142.12108876,115,37,74,4,0.0150658308464244,0.831893027049875,0.0150658308712082,0.831893025768128
"128",128,151,"77429","CYPRESS","TX","Ayuna Tsydypova",1307491200000,"HA","STANDARD",1057055384.08203,219558.53259002,109,36,72,1,0.00918202401703638,0.649200898132604,0.00918202401157941,0.649200905063808
"129",129,112,"77059","HOUSTON","TX","Ayuna Tsydypova",1308614400000,"HA","STANDARD",288488329.902344,80314.99005651,16,13,3,0,0.00249687882273975,0.2379741579604,0.00249687882251237,0.237974158311276
"130",130,110,"77505","PASADENA","TX","Ayuna Tsydypova",1.308528e+12,"HA","STANDARD",231659780.058594,85538.45781051,31,4,25,2,0.0020057816316239,0.256214204813647,0.00200578163276077,0.256214200331305
"131",131,194,"77401","BELLAIRE","TX","Ahmed Giwa",1311033600000,"HA","STANDARD",103610563.230469,57698.29321552,19,2,17,0,0.000897564901379155,0.16864966623441,0.000897564910474102,0.168649664272209
"132",132,64,"77074","HOUSTON","TX","Ray A Smith Jr",1.308096e+12,"HA","STANDARD",159791063,90893.54158268,123,100,20,3,0.00138402604557086,0.268206194318966,0.00138402605011834,0.268206196177294
"133",133,97,"77071","HOUSTON","TX","Brian Klinger",1310428800000,"HA","STANDARD",114851345.964844,62703.36388591,67,44,23,0,0.000994431012941277,0.182960204756028,0.000994431015669761,0.182960204040869
"134",134,168,"77035","HOUSTON","TX","Brian Klinger",1310428800000,"HA","STANDARD",168429465.945313,83743.28604753,99,73,21,5,0.00145834883664975,0.247732068541527,0.00145834884187934,0.247732070373685
"135",135,60,"77096","HOUSTON","TX","Brian Klinger",1310428800000,"HA","STANDARD",171203616.191406,66407.61650091,81,60,21,0,0.00148269336909834,0.199303388217844,0.0014826933547738,0.199303393097876
"136",136,215,"77027","HOUSTON","TX","Brian Klinger",1308009600000,"HA","STANDARD",78026110.6328125,51285.75274068,29,24,5,0,0.000676155176734028,0.151634914844451,0.000676155171504433,0.151634913721448
"137",137,227,"77019","HOUSTON","TX","Brian Klinger",1308009600000,"HA","STANDARD",103668436.4375,72934.90744682,47,19,28,0,0.000898483882110668,0.219171293964043,0.000898483882565415,0.219171299481006
"138",138,226,"77098","HOUSTON","TX","Brian Klinger",1308009600000,"HA","STANDARD",49411544.03125,34214.70906983,19,15,4,0,0.000428169948690993,0.102000245769195,0.00042816994914574,0.102000244904258
"139",139,138,"77523","BAYTOWN","TX","Ayuna Tsydypova",1306886400000,"CH","STANDARD",104415337.234375,79704.42979379,1,0,1,0,0.000904526033764341,0.235724533532773,0.000904526033309594,0.235724533360946
"140",140,136,"77521","BAYTOWN","TX","Brian Klinger",1310083200000,"HA","STANDARD",1045186393.05078,178607.55854284,89,30,55,4,0.00906259167459211,0.530018761227282,0.00906259167322787,0.530018759121933
"141",141,16,"77565","KEMAH","TX","Ayuna TSydypova",1307059200000,"GA","STANDARD",1695882.8984375,18598.9713598,0,0,0,0,1.46699185279431e-05,0.0564920168325852,1.46699183005694e-05,0.0564920174293619
"142",142,18,"77573","LEAGUE CITY","TX","Ayuna Tsydypova",1307059200000,"GA","STANDARD",2580526.609375,57266.69405698,4,4,0,0,2.23157078380609e-05,0.170300647049138,2.23157110212924e-05,0.170300651141241
"143",143,21,"77382","SPRING","TX","Ayuna Tsydypova",1307318400000,"MO","STANDARD",411972.43359375,10056.10548122,0,0,0,0,3.58456304638821e-06,0.0301561852715919,3.58456100002513e-06,0.0301561890542349
"144",144,22,"77381","SPRING","TX","Ayuna Tsydypova",1307404800000,"MO","STANDARD",974997.375,18451.44824033,1,1,0,0,8.48284366838925e-06,0.0554247972270211,8.48284366838925e-06,0.055424799763163
"145",145,36,"77389","SPRING","TX","Ayuna Tsydypova",1308182400000,"HA","STANDARD",606524254.75,159053.05594768,45,11,33,1,0.00527470455722323,0.46966232045258,0.00527470456154333,0.469662328875078
"146",146,37,"77380","SPRING","TX","Ayuna Tsydypova",1307404800000,"MO","STANDARD",860584.27734375,23594.8363958,1,1,0,0,7.48391039451235e-06,0.0700754606533172,7.48391357774381e-06,0.0700754573987995
"147",147,95,"77571","LA PORTE","TX","Ayuna Tsydypova",1.308528e+12,"HA","STANDARD",1087741767.79688,197923.19980303,68,36,29,3,0.00942143881979973,0.582825931728966,0.00942143881366064,0.582825929273548
"148",148,142,"77365","PORTER","TX","Ayuna Tsydypova",1307491200000,"MO","STANDARD",42441682.6640625,43659.9652541,2,1,1,0,0.000369012333294449,0.128903193031253,0.000369012334431318,0.12890319383007
"149",149,147,"77362","PINEHURST","TX","Ayuna Tsydypova",1307404800000,"MO","STANDARD",362304.9375,11912.7429386,0,0,0,0,3.15089960167825e-06,0.0351654409689873,3.15090119329398e-06,0.0351654387897679
"150",150,153,"77339","KINGWOOD","TX","Brian Klinger",1.308528e+12,"HA","STANDARD",366203096.042969,88503.54005376,46,36,8,2,0.00318265717282884,0.26350601522217,0.00318265716919086,0.26350601658432
"151",151,217,"77010","HOUSTON","TX","Brian Klinger",1.307664e+12,"HA","STANDARD",3299176.73046875,9654.4544805,1,1,0,0,2.85937517219281e-05,0.0286829000047598,2.85937510398071e-05,0.0286829027469235
"152",152,99,"77345","KINGWOOD","TX","Brian Klinger",1.308528e+12,"HA","STANDARD",232703070.792969,86360.99100716,9,8,1,0,0.00202267424697311,0.253267151639904,0.00202267425265745,0.253267153181394
"153",153,108,"77546","FRIENDSWOOD","TX","Ahmed Giwa",1311033600000,"GA","STANDARD",248900877.296875,112000.17921785,27,7,20,0,0.00215283609622929,0.330167304483691,0.00215283610191364,0.330167312086636
"154",154,141,"77346","HUMBLE","TX","Brian Klinger",1310083200000,"HA","STANDARD",616683976.050781,126525.94811811,97,27,69,1,0.00535696603196811,0.370904201273784,0.00535696601127711,0.370904202255786
